video_id,title,category_id,category,url
7jjcAuEYW9M,The Duck Song 2,23,Comedy,https://www.youtube.com/watch?v=7jjcAuEYW9M
Au6lM-ubCVI,Dubai 4K - Driving Downtown - Skyline Sunrise (HDR Version),19,Travel & Events,https://www.youtube.com/watch?v=Au6lM-ubCVI
LZrrtF8Iy8k,The Worst New Transit Project in the US,27,Education,https://www.youtube.com/watch?v=LZrrtF8Iy8k
nHaiBLeLXjw,The Infomercial Scammer Who Wanted You to Buy Debt | Russ Dalbey | History in the Dark,27,Education,https://www.youtube.com/watch?v=nHaiBLeLXjw
mHU-FMO0Xp8,How Mexico Made a Plutocrat,27,Education,https://www.youtube.com/watch?v=mHU-FMO0Xp8
_fyjhsylwZk,we got *zooted* and tried EVERY weird pickle combination..,23,Comedy,https://www.youtube.com/watch?v=_fyjhsylwZk
jWQx2f-CErU,aespa ÏóêÏä§Ìåå 'Whiplash' MV,10,Music,https://www.youtube.com/watch?v=jWQx2f-CErU
hVoRXdcCOjw,How Flying Cars Became a Billion-Dollar Bet | Bloomberg Primer,25,News & Politics,https://www.youtube.com/watch?v=hVoRXdcCOjw
ca3Rx22xJxw,Why Living in Portugal has Become Impossible,27,Education,https://www.youtube.com/watch?v=ca3Rx22xJxw
1EftZvRGquA,Inside Lenny Kravitz‚Äôs Regal Paris Home | Open Door | Architectural Digest,24,Entertainment,https://www.youtube.com/watch?v=1EftZvRGquA
7jjcAuEYW9M,The Duck Song 2,23,Comedy,https://www.youtube.com/watch?v=7jjcAuEYW9M
-ryBqgkOw4U,New Parents - SNL,23,Comedy,https://www.youtube.com/watch?v=-ryBqgkOw4U
Tx1XIm6q4r4,Potter Puppet Pals: The Mysterious Ticking Noise,23,Comedy,https://www.youtube.com/watch?v=Tx1XIm6q4r4
yUr8QyTCph8,David Tennant performs 500 Miles by The Proclaimers with the help of a few famous faces... | BAFTA,24,Entertainment,https://www.youtube.com/watch?v=yUr8QyTCph8
oZ2BwY-ywWs,GUESS THE MUSICAL,10,Music,https://www.youtube.com/watch?v=oZ2BwY-ywWs
XkgMaS5gbaA,THE ROSES | Official Trailer | Searchlight Pictures,24,Entertainment,https://www.youtube.com/watch?v=XkgMaS5gbaA
AlGtKuQNPqc,Doctor Reacts To The Pitt Ep. 4,27,Education,https://www.youtube.com/watch?v=AlGtKuQNPqc
AlGtKuQNPqc,Doctor Reacts To The Pitt Ep. 4,27,Education,https://www.youtube.com/watch?v=AlGtKuQNPqc
FnXLjHtfAIU,Trump Easter 2025 Cold Open - SNL,23,Comedy,https://www.youtube.com/watch?v=FnXLjHtfAIU
JEX4xMBKCbs,Most ICONIC running jokes that you will NEVER forget! | The Good Place,24,Entertainment,https://www.youtube.com/watch?v=JEX4xMBKCbs
7jjcAuEYW9M,The Duck Song 2,23,Comedy,https://www.youtube.com/watch?v=7jjcAuEYW9M
ONcY0BM5EAg,"Upbeat Lofi - Power and Energize Your Workday - [R&B, Neo Soul, Lofi Hiphop]",10,Music,https://www.youtube.com/watch?v=ONcY0BM5EAg
8HhzRd9taEU,ULTIMATE Brain Rot Quiz 2,22,People & Blogs,https://www.youtube.com/watch?v=8HhzRd9taEU
bMGoMu-CxMY,How NOT To Order At An Indian Restaurant! - Trevor Noah (From 'I Wish You Would' on Netflix),23,Comedy,https://www.youtube.com/watch?v=bMGoMu-CxMY
-GSnmRZlgc4,Pete the Cat I Love My White Shoes | Animated Book | Read aloud,1,Film & Animation,https://www.youtube.com/watch?v=-GSnmRZlgc4
39ColarOWKo,Funniest Animal Videos Ever (Part 1),24,Entertainment,https://www.youtube.com/watch?v=39ColarOWKo
uMuJxd2Gpxo,The Sid Shuffle - Ice Age: Continental Drift,1,Film & Animation,https://www.youtube.com/watch?v=uMuJxd2Gpxo
V1bFr2SWP1I,"OFFICIAL Somewhere over the Rainbow - Israel ""IZ"" Kamakawiwo ªole",10,Music,https://www.youtube.com/watch?v=V1bFr2SWP1I
X-yJhGcS7U4,Instrumental Pop Music for the Classroom | 2 Hours of Clean Pop Covers for Studying,10,Music,https://www.youtube.com/watch?v=X-yJhGcS7U4
Ru4a-js4My4,The Duck Song 3,23,Comedy,https://www.youtube.com/watch?v=Ru4a-js4My4
7jjcAuEYW9M,The Duck Song 2,23,Comedy,https://www.youtube.com/watch?v=7jjcAuEYW9M
JRB375xLSfQ,Amar de Nuevo (Live from New York City),10,Music,https://www.youtube.com/watch?v=JRB375xLSfQ
gfXMnVqicbs,SMASH or PASS 100 OPTIONS!! | Hottest Celebrity Male Edition 2024 | QUIZ WAVEZ,24,Entertainment,https://www.youtube.com/watch?v=gfXMnVqicbs
kVcW7u4vE50,Mets vs. Twins Game Highlights (4/16/25) | MLB Highlights,17,Sports,https://www.youtube.com/watch?v=kVcW7u4vE50
Tx1XIm6q4r4,Potter Puppet Pals: The Mysterious Ticking Noise,23,Comedy,https://www.youtube.com/watch?v=Tx1XIm6q4r4
wOEKdWrtz6U,Tessa Virtue and Scott Moir's Moulin Rouge at PyeongChang 2018 | Music Mondays,17,Sports,https://www.youtube.com/watch?v=wOEKdWrtz6U
YC1fGBHihO4,Maddie's SUPER SECRET SOLO Makes Her a Double Winner! (S2 Flashback) | Dance Moms,24,Entertainment,https://www.youtube.com/watch?v=YC1fGBHihO4
IfhMILe8C84,Prank interview with Elijah Wood,23,Comedy,https://www.youtube.com/watch?v=IfhMILe8C84
1RKqOmSkGgM,"Chappell Roan - Good Luck, Babe! (Official Lyric Video)",10,Music,https://www.youtube.com/watch?v=1RKqOmSkGgM
IDeCrl4dSw0,Brady Farrar - The Apology,22,People & Blogs,https://www.youtube.com/watch?v=IDeCrl4dSw0
6iEyczP0qyQ,The Duck Song IRL,24,Entertainment,https://www.youtube.com/watch?v=6iEyczP0qyQ
k65aYZRpK3Q,GUESS THE ANIME BY ITS LOCATIONS ‚õ©Ô∏è [ Hard - Super Easy ] ‚õ©Ô∏è | ROSHI SAMA,24,Entertainment,https://www.youtube.com/watch?v=k65aYZRpK3Q
IfhMILe8C84,Prank interview with Elijah Wood,23,Comedy,https://www.youtube.com/watch?v=IfhMILe8C84
YppEl8OUICA,The Making of Vogue‚Äôs Met Gala Issue | Vogue,24,Entertainment,https://www.youtube.com/watch?v=YppEl8OUICA
Tn7g2cn7iBo,New Barista Training - SNL,23,Comedy,https://www.youtube.com/watch?v=Tn7g2cn7iBo
TrdJQJ_RXrQ,Jury Duty - SNL,23,Comedy,https://www.youtube.com/watch?v=TrdJQJ_RXrQ
CsGYh8AacgY,Charlie the Unicorn,1,Film & Animation,https://www.youtube.com/watch?v=CsGYh8AacgY
-TTD6XjuNeM,Erykah Badu Breaks Down 11 Looks From 1997 to Now | Life in Looks | Vogue,24,Entertainment,https://www.youtube.com/watch?v=-TTD6XjuNeM
4cfmEgpOOZk,Erykah Badu: NPR Music Tiny Desk Concert,10,Music,https://www.youtube.com/watch?v=4cfmEgpOOZk
i9jYQDpIU-8,"Jonathan Bailey Sings ""Dancing Through Life"" (Full Scene) | Wicked (2024)",22,People & Blogs,https://www.youtube.com/watch?v=i9jYQDpIU-8
7jjcAuEYW9M,The Duck Song 2,23,Comedy,https://www.youtube.com/watch?v=7jjcAuEYW9M
0wB7iuER2Z0,Lofi Chill Sunset üåÖ Relaxing Beats with Capybara & Turtle ‚òï,10,Music,https://www.youtube.com/watch?v=0wB7iuER2Z0
ARCb-UcNm1s,Tropical Bossa Jazz ~ Beautiful Brazilian Jazz Music For a Positive Vibe ~ January Jazz Music,10,Music,https://www.youtube.com/watch?v=ARCb-UcNm1s
ps3u3nBGGPY,Spring Has Sprung! | Gets Planted | Full Episode | The Magic School Bus,1,Film & Animation,https://www.youtube.com/watch?v=ps3u3nBGGPY
aKrSBz3ez5A,Guess the Fast Food Restaurant by Emoji? üçî Monkey Quiz,27,Education,https://www.youtube.com/watch?v=aKrSBz3ez5A
qn8yv8J8dO0,üéÑ The Grinch Brain Break Party üéÑ Freeze Dance üéÑ Christmas üéÑ Just Dance,27,Education,https://www.youtube.com/watch?v=qn8yv8J8dO0
lBE-EzFh9nk,"Jellyfish Aquarium ‚Ä¢ Healing of Insomnia, Stress, Anxiety and Depression ‚Ä¢ MELATONIN RELEASE",10,Music,https://www.youtube.com/watch?v=lBE-EzFh9nk
PAORQoMvSdY,Funniest Cats and Dogs Clip 2025üòºüê∂Try Not To Laughüòú,15,Pets & Animals,https://www.youtube.com/watch?v=PAORQoMvSdY
THh4fT0O7IY,"Upbeat Lofi - Deep Focus & Energy for Work [R&B, Neo Soul, Lofi Hiphop]",10,Music,https://www.youtube.com/watch?v=THh4fT0O7IY
NmqXEXJBoog,Bridgerton | Pop Instrumentals Inspired by The Hit Netflix Show | Gorgeous Cello & Piano,10,Music,https://www.youtube.com/watch?v=NmqXEXJBoog
7jjcAuEYW9M,The Duck Song 2,23,Comedy,https://www.youtube.com/watch?v=7jjcAuEYW9M
YjLV08ozYG0,"VSA@VCU Presents our 46th Annual Culture Show, Timeless Ties",1,Film & Animation,https://www.youtube.com/watch?v=YjLV08ozYG0
kdCbl24oxio,BIDEN SPEAKS FOR FIRST TIME SINCE ELECTION,25,News & Politics,https://www.youtube.com/watch?v=kdCbl24oxio
CsGYh8AacgY,Charlie the Unicorn,1,Film & Animation,https://www.youtube.com/watch?v=CsGYh8AacgY
8HhzRd9taEU,ULTIMATE Brain Rot Quiz 2,22,People & Blogs,https://www.youtube.com/watch?v=8HhzRd9taEU
cuBce1nsml4,LISA - Intro + Thunder + FXCK UP THE WORLD - Live at Coachella 2025,10,Music,https://www.youtube.com/watch?v=cuBce1nsml4
wI00QO2A2j4,matcha.,10,Music,https://www.youtube.com/watch?v=wI00QO2A2j4
qBUSheLQ5e0,"Italian Cafe Ambience with Relaxing Jazz Piano for Study, Work ‚òï Unwind with Elegant Bossa Nova",10,Music,https://www.youtube.com/watch?v=qBUSheLQ5e0
Ee72TCtK8b8,8 MIN ABS FAT BURN //  FLAT STOMACH & SMALL WAIST WORKOUT// WORKOUT AT HOME,22,People & Blogs,https://www.youtube.com/watch?v=Ee72TCtK8b8
7jjcAuEYW9M,The Duck Song 2,23,Comedy,https://www.youtube.com/watch?v=7jjcAuEYW9M
4fezP875xOQ,"4 Hours Chopin for Studying, Concentration & Relaxation",10,Music,https://www.youtube.com/watch?v=4fezP875xOQ
THh4fT0O7IY,"Upbeat Lofi - Deep Focus & Energy for Work [R&B, Neo Soul, Lofi Hiphop]",10,Music,https://www.youtube.com/watch?v=THh4fT0O7IY
xjV3CEBxOiQ,Watch his reaction when he‚Äôs told he‚Äôs a GOOD BOY for the first time ü•π,24,Entertainment,https://www.youtube.com/watch?v=xjV3CEBxOiQ
ARCb-UcNm1s,Tropical Bossa Jazz ~ Beautiful Brazilian Jazz Music For a Positive Vibe ~ January Jazz Music,10,Music,https://www.youtube.com/watch?v=ARCb-UcNm1s
V1bFr2SWP1I,"OFFICIAL Somewhere over the Rainbow - Israel ""IZ"" Kamakawiwo ªole",10,Music,https://www.youtube.com/watch?v=V1bFr2SWP1I
39ColarOWKo,Funniest Animal Videos Ever (Part 1),24,Entertainment,https://www.youtube.com/watch?v=39ColarOWKo
8HhzRd9taEU,ULTIMATE Brain Rot Quiz 2,22,People & Blogs,https://www.youtube.com/watch?v=8HhzRd9taEU
CsGYh8AacgY,Charlie the Unicorn,1,Film & Animation,https://www.youtube.com/watch?v=CsGYh8AacgY
lBE-EzFh9nk,"Jellyfish Aquarium ‚Ä¢ Healing of Insomnia, Stress, Anxiety and Depression ‚Ä¢ MELATONIN RELEASE",10,Music,https://www.youtube.com/watch?v=lBE-EzFh9nk
7jjcAuEYW9M,The Duck Song 2,23,Comedy,https://www.youtube.com/watch?v=7jjcAuEYW9M
6iEyczP0qyQ,The Duck Song IRL,24,Entertainment,https://www.youtube.com/watch?v=6iEyczP0qyQ
0wB7iuER2Z0,Lofi Chill Sunset üåÖ Relaxing Beats with Capybara & Turtle ‚òï,10,Music,https://www.youtube.com/watch?v=0wB7iuER2Z0
aKrSBz3ez5A,Guess the Fast Food Restaurant by Emoji? üçî Monkey Quiz,27,Education,https://www.youtube.com/watch?v=aKrSBz3ez5A
CsGYh8AacgY,Charlie the Unicorn,1,Film & Animation,https://www.youtube.com/watch?v=CsGYh8AacgY
lBE-EzFh9nk,"Jellyfish Aquarium ‚Ä¢ Healing of Insomnia, Stress, Anxiety and Depression ‚Ä¢ MELATONIN RELEASE",10,Music,https://www.youtube.com/watch?v=lBE-EzFh9nk
TvKJ7uvQPfg,The Duck Song 5,1,Film & Animation,https://www.youtube.com/watch?v=TvKJ7uvQPfg
ARCb-UcNm1s,Tropical Bossa Jazz ~ Beautiful Brazilian Jazz Music For a Positive Vibe ~ January Jazz Music,10,Music,https://www.youtube.com/watch?v=ARCb-UcNm1s
8HhzRd9taEU,ULTIMATE Brain Rot Quiz 2,22,People & Blogs,https://www.youtube.com/watch?v=8HhzRd9taEU
-IV8cnGU6YM,The Duck Song 4,1,Film & Animation,https://www.youtube.com/watch?v=-IV8cnGU6YM
7jjcAuEYW9M,The Duck Song 2,23,Comedy,https://www.youtube.com/watch?v=7jjcAuEYW9M
pbTO0w-fWKE,Hyperdrive Boogie,10,Music,https://www.youtube.com/watch?v=pbTO0w-fWKE
5OgJvLCwCQ4,All The Performances | Sing (2016) and Sing 2 (2021) | Family Flicks,24,Entertainment,https://www.youtube.com/watch?v=5OgJvLCwCQ4
wI00QO2A2j4,matcha.,10,Music,https://www.youtube.com/watch?v=wI00QO2A2j4
zWwrzfsUJVg,don't overthink it ~ just do it,10,Music,https://www.youtube.com/watch?v=zWwrzfsUJVg
pYntHzNGN5A,"BRUCE LIU-F.Chopin:Andant spianato et Grande polonaise brillante, Op.22 (Sept.6, 2024/SSO/Shanghai)",10,Music,https://www.youtube.com/watch?v=pYntHzNGN5A
2hhrI-BgBW8,‰∏≠ÂõΩÈ´ò‰∏≠ÁîüVLOGüííÂΩìÂ•≥Â≠©ÂèòÊàê‰∫Übarbie.Chinese high school student VLOGüííWhen a girl becomes a barbie,22,People & Blogs,https://www.youtube.com/watch?v=2hhrI-BgBW8
BWKVn4wHSEE,R&B All NightÔΩúGuitar x Trumpet x Bass,1,Film & Animation,https://www.youtube.com/watch?v=BWKVn4wHSEE
1RKqOmSkGgM,"Chappell Roan - Good Luck, Babe! (Official Lyric Video)",10,Music,https://www.youtube.com/watch?v=1RKqOmSkGgM
X8Ch0REAPwA,Playlist | ÌôîÏÇ¨Ìïú Î¥ÑÎÇ† ÌïòÎ£® Î≥¥ÎÇ¥Í∏∞ with Ïû¨Ï¶à üåºüå∑ | Ïã±Í∑∏Îü¨Ïö¥ Î¥Ñ Î¨¥Îìú Í∞ÄÎìùÌïú Ìè¨Í∑ºÌïú Í∞êÏÑ± Ïû¨Ï¶à Jazz Background Music,10,Music,https://www.youtube.com/watch?v=X8Ch0REAPwA
odFTqgm0984,Volodymyr Zelenskyy: The 2025 60 Minutes Interview,25,News & Politics,https://www.youtube.com/watch?v=odFTqgm0984
xXalQ1ZEn7s,Messi Hat-trick vs Real Madrid at Bernabeu 2014 English Commentary,24,Entertainment,https://www.youtube.com/watch?v=xXalQ1ZEn7s
-lSL9HqQp7g,Winery Tour - SNL,23,Comedy,https://www.youtube.com/watch?v=-lSL9HqQp7g
_cr46G2K5Fo,The Man Who Almost Broke Math (And Himself...),27,Education,https://www.youtube.com/watch?v=_cr46G2K5Fo
0MDzvjT0QG8,Dave Smith: Israel is an apartheid state | Lex Fridman Podcast Clips,28,Science & Technology,https://www.youtube.com/watch?v=0MDzvjT0QG8
5puziyf8nSo,240 MINUTES of SpongeBob‚Äôs Funniest Scenes üòÇ | @SpongeBobOfficial,1,Film & Animation,https://www.youtube.com/watch?v=5puziyf8nSo
CsGYh8AacgY,Charlie the Unicorn,1,Film & Animation,https://www.youtube.com/watch?v=CsGYh8AacgY
-luF0nLlM3A,Donald Trump - Clip from every year from 1980 to 2024,25,News & Politics,https://www.youtube.com/watch?v=-luF0nLlM3A
vZAPzdvOIg4,Why El Salvador President Bukele Is So Popular With Trump‚Äôs Inner Circle | WSJ,25,News & Politics,https://www.youtube.com/watch?v=vZAPzdvOIg4
7jjcAuEYW9M,The Duck Song 2,23,Comedy,https://www.youtube.com/watch?v=7jjcAuEYW9M
IJNR2EpS0jw,Dumb Ways to Die,10,Music,https://www.youtube.com/watch?v=IJNR2EpS0jw
gfXMnVqicbs,SMASH or PASS 100 OPTIONS!! | Hottest Celebrity Male Edition 2024 | QUIZ WAVEZ,24,Entertainment,https://www.youtube.com/watch?v=gfXMnVqicbs
mQnmiOfcVeo,[Disney Jazz Playlist] ‚ú®This is the 2025 Disney Jazz Playlist‚ÄºÔ∏è | Disney OSTs on the Jazz,22,People & Blogs,https://www.youtube.com/watch?v=mQnmiOfcVeo
LBDCQfju1cY,Stray Cats' Jazz Night,10,Music,https://www.youtube.com/watch?v=LBDCQfju1cY
frc6MjGhh5A,The Harsh Reality Of Being 800 Pounds | Doctor Reacts,27,Education,https://www.youtube.com/watch?v=frc6MjGhh5A
gwjWE7_Dm3A,PASTOR ADRIAN RODRIGUEZ Y MARCOS ARRECIAN CONTRA LOS MUNDANOS EN SEMANA SANTA,24,Entertainment,https://www.youtube.com/watch?v=gwjWE7_Dm3A
Ig7QiZliFzo,Evacuation Alert - SNL,23,Comedy,https://www.youtube.com/watch?v=Ig7QiZliFzo
Jp1Z91LdO00,Nintendo upbeat & chill music makes you feel alive in this world.,22,People & Blogs,https://www.youtube.com/watch?v=Jp1Z91LdO00
bzH0Q5KkwXI,Soda Stereo - Nada Personal,22,People & Blogs,https://www.youtube.com/watch?v=bzH0Q5KkwXI
Hq4zojZY2fM,Would You Rather - Build Your Dream Mystery House ü§ëüè°üåàüéÅ MYSTERY Gift Edition,27,Education,https://www.youtube.com/watch?v=Hq4zojZY2fM
sHi6LCx6Lx8,The Duck Song,23,Comedy,https://www.youtube.com/watch?v=sHi6LCx6Lx8
aKrSBz3ez5A,Guess the Fast Food Restaurant by Emoji? üçî Monkey Quiz,27,Education,https://www.youtube.com/watch?v=aKrSBz3ez5A
9VH8lvZ-Z1g,The Crayon Song Gets Ruined - Studio C,23,Comedy,https://www.youtube.com/watch?v=9VH8lvZ-Z1g
tpg3VvoIVfA,Testing The World's Smartest Crow,28,Science & Technology,https://www.youtube.com/watch?v=tpg3VvoIVfA
-GSnmRZlgc4,Pete the Cat I Love My White Shoes | Animated Book | Read aloud,1,Film & Animation,https://www.youtube.com/watch?v=-GSnmRZlgc4
CsGYh8AacgY,Charlie the Unicorn,1,Film & Animation,https://www.youtube.com/watch?v=CsGYh8AacgY
7jjcAuEYW9M,The Duck Song 2,23,Comedy,https://www.youtube.com/watch?v=7jjcAuEYW9M
a0IzfEbDQ8s,"Last 24 Hours of Jesus' Life, Mapped",22,People & Blogs,https://www.youtube.com/watch?v=a0IzfEbDQ8s
5H79NPBvio4,Dice Dude Music VOL 1: Dice Dude's Decision,22,People & Blogs,https://www.youtube.com/watch?v=5H79NPBvio4
5H79NPBvio4,Dice Dude Music VOL 1: Dice Dude's Decision,22,People & Blogs,https://www.youtube.com/watch?v=5H79NPBvio4
IfhMILe8C84,Prank interview with Elijah Wood,23,Comedy,https://www.youtube.com/watch?v=IfhMILe8C84
dwY7w0k3j2Y,Classical Music for When You‚Äôre on a Deadline,10,Music,https://www.youtube.com/watch?v=dwY7w0k3j2Y
8HhzRd9taEU,ULTIMATE Brain Rot Quiz 2,22,People & Blogs,https://www.youtube.com/watch?v=8HhzRd9taEU
THXy7orjLO4,Akademi presents APOTHEOSIS: Indian classical dance at the British Museum,27,Education,https://www.youtube.com/watch?v=THXy7orjLO4
2m6GgljJH40,The Kaufman Hell - I'm Thinking of Ending Things,1,Film & Animation,https://www.youtube.com/watch?v=2m6GgljJH40
FnXLjHtfAIU,Trump Easter 2025 Cold Open - SNL,23,Comedy,https://www.youtube.com/watch?v=FnXLjHtfAIU
6Y3YPDXlPAo,Avoid Saying The Same Thing As Me ü§î MEGA CHALLENGE üì¢,24,Entertainment,https://www.youtube.com/watch?v=6Y3YPDXlPAo
CsGYh8AacgY,Charlie the Unicorn,1,Film & Animation,https://www.youtube.com/watch?v=CsGYh8AacgY
mzABW42AIhM,"Hakuna Matata (No Worries) - Simba,Timon, Pumbaa [Hakuna Matata SCENE ] /// The Lion King (1994)",24,Entertainment,https://www.youtube.com/watch?v=mzABW42AIhM
aKrSBz3ez5A,Guess the Fast Food Restaurant by Emoji? üçî Monkey Quiz,27,Education,https://www.youtube.com/watch?v=aKrSBz3ez5A
1W9YCSLKf-0,Positive Morning Music - Happy Uplifting Mood Booster Sunny Music,10,Music,https://www.youtube.com/watch?v=1W9YCSLKf-0
7jjcAuEYW9M,The Duck Song 2,23,Comedy,https://www.youtube.com/watch?v=7jjcAuEYW9M
CsGYh8AacgY,Charlie the Unicorn,1,Film & Animation,https://www.youtube.com/watch?v=CsGYh8AacgY
xyC0hFuz73E,General Knowledge Quizüåçüó∫Ô∏èüåê #quiz #worldquiz  #challenge,24,Entertainment,https://www.youtube.com/watch?v=xyC0hFuz73E
SWghiMUm_qc,Choose One Button - YES or NO or MAYBE or NEVER! ü§îüí≠‚úÖ Quiz Galaxy,27,Education,https://www.youtube.com/watch?v=SWghiMUm_qc
wjsmX-R4Taw,Guess the Movie by Emoji üé¨üçø Movie Quiz,27,Education,https://www.youtube.com/watch?v=wjsmX-R4Taw
X-yJhGcS7U4,Instrumental Pop Music for the Classroom | 2 Hours of Clean Pop Covers for Studying,10,Music,https://www.youtube.com/watch?v=X-yJhGcS7U4
THh4fT0O7IY,"Upbeat Lofi - Deep Focus & Energy for Work [R&B, Neo Soul, Lofi Hiphop]",10,Music,https://www.youtube.com/watch?v=THh4fT0O7IY
Tx1XIm6q4r4,Potter Puppet Pals: The Mysterious Ticking Noise,23,Comedy,https://www.youtube.com/watch?v=Tx1XIm6q4r4
39ColarOWKo,Funniest Animal Videos Ever (Part 1),24,Entertainment,https://www.youtube.com/watch?v=39ColarOWKo
puQJNPaGcYc,Spongebob - I'm a Goofy Goober(With Speech!HD),24,Entertainment,https://www.youtube.com/watch?v=puQJNPaGcYc
7jjcAuEYW9M,The Duck Song 2,23,Comedy,https://www.youtube.com/watch?v=7jjcAuEYW9M
eNptnCkCoVk,Why are we in a trade war?,25,News & Politics,https://www.youtube.com/watch?v=eNptnCkCoVk
JN1oBfg0fwI,The Emergency Is Here | The Ezra Klein Show,25,News & Politics,https://www.youtube.com/watch?v=JN1oBfg0fwI
UQqTieUiN5c,üé∂ Still Wanna HONK'EM üçë | Hilarious Country Love Song for the Ages!,10,Music,https://www.youtube.com/watch?v=UQqTieUiN5c
cGa_7DIUuVk,2025 NBA season but it gets increasingly more hilarious,17,Sports,https://www.youtube.com/watch?v=cGa_7DIUuVk
9OPyZMVBO9o,Man. United vs. Lyon: Extended Highlights | UEL Quarter-final Leg 2 | CBS Sports Golazo - Europe,17,Sports,https://www.youtube.com/watch?v=9OPyZMVBO9o
5h0W9BBtd9s,"James Taylor - Mexico (Blossom Music Festival, July 18, 1979)",10,Music,https://www.youtube.com/watch?v=5h0W9BBtd9s
o_1GzmjOvKQ,The White Potus - SNL,23,Comedy,https://www.youtube.com/watch?v=o_1GzmjOvKQ
YRcvta0_3T0,Can You Guess The Best NBA Lineups This Century?,20,Gaming,https://www.youtube.com/watch?v=YRcvta0_3T0
gMp0SlkVU8w,Sesame Street: NPR Music Tiny Desk Concert,10,Music,https://www.youtube.com/watch?v=gMp0SlkVU8w
7jjcAuEYW9M,The Duck Song 2,23,Comedy,https://www.youtube.com/watch?v=7jjcAuEYW9M
Ru4a-js4My4,The Duck Song 3,23,Comedy,https://www.youtube.com/watch?v=Ru4a-js4My4
1oQfagXfBqE,Honey Bear - Duck Song Spin-Off,24,Entertainment,https://www.youtube.com/watch?v=1oQfagXfBqE
6iEyczP0qyQ,The Duck Song IRL,24,Entertainment,https://www.youtube.com/watch?v=6iEyczP0qyQ
jzk2E4UXFFs,The Christmas Duck Song,10,Music,https://www.youtube.com/watch?v=jzk2E4UXFFs
-IV8cnGU6YM,The Duck Song 4,1,Film & Animation,https://www.youtube.com/watch?v=-IV8cnGU6YM
TvKJ7uvQPfg,The Duck Song 5,1,Film & Animation,https://www.youtube.com/watch?v=TvKJ7uvQPfg
gtLpGOpV6_U,The Duck Song Official Plushie¬©,1,Film & Animation,https://www.youtube.com/watch?v=gtLpGOpV6_U
i6AHys3pwyc,ALEX CONSANI | CHICKEN SHOP DATE,24,Entertainment,https://www.youtube.com/watch?v=i6AHys3pwyc
wEFz0gRoXxg,SABRINA CARPENTER | CHICKEN SHOP DATE,24,Entertainment,https://www.youtube.com/watch?v=wEFz0gRoXxg
7jjcAuEYW9M,The Duck Song 2,23,Comedy,https://www.youtube.com/watch?v=7jjcAuEYW9M
8HhzRd9taEU,ULTIMATE Brain Rot Quiz 2,22,People & Blogs,https://www.youtube.com/watch?v=8HhzRd9taEU
THh4fT0O7IY,"Upbeat Lofi - Deep Focus & Energy for Work [R&B, Neo Soul, Lofi Hiphop]",10,Music,https://www.youtube.com/watch?v=THh4fT0O7IY
Q096w0Fz2p4,Starburst Berries and Cream Little Lad Wants You!,23,Comedy,https://www.youtube.com/watch?v=Q096w0Fz2p4
H94ntp93SGY,"Forest Cafe Jazz Music | Morning Tranquill Jazz with Nature Therapy for Stress Relief, Study & Work",10,Music,https://www.youtube.com/watch?v=H94ntp93SGY
6Y3YPDXlPAo,Avoid Saying The Same Thing As Me ü§î MEGA CHALLENGE üì¢,24,Entertainment,https://www.youtube.com/watch?v=6Y3YPDXlPAo
fjR0uUKZCpY,ITS RAINING TACOS! (Roblox Music Video),1,Film & Animation,https://www.youtube.com/watch?v=fjR0uUKZCpY
uMuJxd2Gpxo,The Sid Shuffle - Ice Age: Continental Drift,1,Film & Animation,https://www.youtube.com/watch?v=uMuJxd2Gpxo
0FEVmjeS6XM,50 DISNEY Songs in Jazz ‚òï BGM Music for Studying/Working,10,Music,https://www.youtube.com/watch?v=0FEVmjeS6XM
N2HQaQJsyQ4,Disney Lofi Songs [chill playlist] üéÄ 2h chill hiphop beats to study/work to,10,Music,https://www.youtube.com/watch?v=N2HQaQJsyQ4
bl2C2KSSQao,(BEST VERSION) Stereotypical Music Around The World,24,Entertainment,https://www.youtube.com/watch?v=bl2C2KSSQao
I-sH53vXP2A,"""Fallen Kingdom"" - A Minecraft Parody of Coldplay's Viva la Vida (Music Video)",24,Entertainment,https://www.youtube.com/watch?v=I-sH53vXP2A
OQaLic5SE_I,Mr. Garvey Is Your Substitute Teacher - Key & Peele,23,Comedy,https://www.youtube.com/watch?v=OQaLic5SE_I
tqTbAb2SPbE,I Tested Impossible Product Claims,24,Entertainment,https://www.youtube.com/watch?v=tqTbAb2SPbE
Tx1XIm6q4r4,Potter Puppet Pals: The Mysterious Ticking Noise,23,Comedy,https://www.youtube.com/watch?v=Tx1XIm6q4r4
IOdmvevyFBM,Starting PLUTONIUM Power! - Satisfactory 1.1,20,Gaming,https://www.youtube.com/watch?v=IOdmvevyFBM
zmf8pZSnPC0,Guess the Country by stereotypical meme song,10,Music,https://www.youtube.com/watch?v=zmf8pZSnPC0
CsGYh8AacgY,Charlie the Unicorn,1,Film & Animation,https://www.youtube.com/watch?v=CsGYh8AacgY
BKwUCmgGeiM,I Built Every Jurassic Park Movie in Lego,22,People & Blogs,https://www.youtube.com/watch?v=BKwUCmgGeiM
l7w2uPqmdJw,WE HAVE COLOURED LIGHTING NOW!!,20,Gaming,https://www.youtube.com/watch?v=l7w2uPqmdJw
LgG8PQCwjYw,25 White Celebrities You Didn't Know Have Black Kids #2,24,Entertainment,https://www.youtube.com/watch?v=LgG8PQCwjYw
liKLGByHjqY,Obama BREAKS HIS SILENCE and TORCHES Trump,25,News & Politics,https://www.youtube.com/watch?v=liKLGByHjqY
nZH2TmwNwHM,Top 20 Most Awkward Moments on Finding Your Roots,24,Entertainment,https://www.youtube.com/watch?v=nZH2TmwNwHM
pVhTmxncA20,"Oran ""Juice"" Jones : Do You Know What Happened to Him? Here's the Untold Story!",10,Music,https://www.youtube.com/watch?v=pVhTmxncA20
oa0ztfwY5Vc,Michael Jordan Mother Gets Rejected at a Luxury Store‚ÄîWhat He Does Next Will Inspire Millions!,22,People & Blogs,https://www.youtube.com/watch?v=oa0ztfwY5Vc
Ig91Z0-rBfo,Sona Jobarteh & Band - Kora Music from West Africa,10,Music,https://www.youtube.com/watch?v=Ig91Z0-rBfo
E9VXM0pYTFI,Kenya Moore | The Confessional They Tried to Silence #fullepisode,24,Entertainment,https://www.youtube.com/watch?v=E9VXM0pYTFI
yOw_PuwgWtc,The Infamous Scene That Took 'Soul Train' off Air For Good,24,Entertainment,https://www.youtube.com/watch?v=yOw_PuwgWtc
KA1VGsCgXAE,"Rep. Crockett Tells America on The View: ""Soon You Will Understand""",25,News & Politics,https://www.youtube.com/watch?v=KA1VGsCgXAE
7jjcAuEYW9M,The Duck Song 2,23,Comedy,https://www.youtube.com/watch?v=7jjcAuEYW9M
aKrSBz3ez5A,Guess the Fast Food Restaurant by Emoji? üçî Monkey Quiz,27,Education,https://www.youtube.com/watch?v=aKrSBz3ez5A
39ColarOWKo,Funniest Animal Videos Ever (Part 1),24,Entertainment,https://www.youtube.com/watch?v=39ColarOWKo
THh4fT0O7IY,"Upbeat Lofi - Deep Focus & Energy for Work [R&B, Neo Soul, Lofi Hiphop]",10,Music,https://www.youtube.com/watch?v=THh4fT0O7IY
6Y3YPDXlPAo,Avoid Saying The Same Thing As Me ü§î MEGA CHALLENGE üì¢,24,Entertainment,https://www.youtube.com/watch?v=6Y3YPDXlPAo
lE9dYGzs3RQ,Ages 1-25 Compete In EXTREME GYMNASTICS,24,Entertainment,https://www.youtube.com/watch?v=lE9dYGzs3RQ
xzz6dwKtbqI,"Heeler Family Time üíô üß° | Full Episodes | Baby Race, Asparagus, and More! | Bluey üíô",1,Film & Animation,https://www.youtube.com/watch?v=xzz6dwKtbqI
03srS0cPpJ0,"Best Pancake Art Wins $1,000!",24,Entertainment,https://www.youtube.com/watch?v=03srS0cPpJ0
aKrSBz3ez5A,Guess the Fast Food Restaurant by Emoji? üçî Monkey Quiz,27,Education,https://www.youtube.com/watch?v=aKrSBz3ez5A
Ru4a-js4My4,The Duck Song 3,23,Comedy,https://www.youtube.com/watch?v=Ru4a-js4My4
7jjcAuEYW9M,The Duck Song 2,23,Comedy,https://www.youtube.com/watch?v=7jjcAuEYW9M
BWHm5u_lbFs,"University Challenge S54E34 - Queens, Belfast v Bristol",22,People & Blogs,https://www.youtube.com/watch?v=BWHm5u_lbFs
BhTIzhAn62s,Lost in the Quiet Unknown | 1 Hour Ambient Soundscape Music Mix for Focus & Relaxation,10,Music,https://www.youtube.com/watch?v=BhTIzhAn62s
ecechHEtkYU,"ùíëùíçùíÇùíöùíçùíäùíîùíï | quiet mornings, slowly waking up to the smell of fresh coffee ‚òï",10,Music,https://www.youtube.com/watch?v=ecechHEtkYU
BI6HIXXGTpU,"Weekend Update ft. Bowen Yang, Emil Wakim and Sarah Sherman - SNL",23,Comedy,https://www.youtube.com/watch?v=BI6HIXXGTpU
98tNTEugqOY,fashion for hot people,26,Howto & Style,https://www.youtube.com/watch?v=98tNTEugqOY
U94xk03CnZs,coulou's cafe trumpet meditations (no. 40),10,Music,https://www.youtube.com/watch?v=U94xk03CnZs
CsGYh8AacgY,Charlie the Unicorn,1,Film & Animation,https://www.youtube.com/watch?v=CsGYh8AacgY
nSdvj6yphoY,Apple Lied About Siri,28,Science & Technology,https://www.youtube.com/watch?v=nSdvj6yphoY
HptHiJJJwBM,get your work done ‚òÖ you got this (study playlist),22,People & Blogs,https://www.youtube.com/watch?v=HptHiJJJwBM
7jjcAuEYW9M,The Duck Song 2,23,Comedy,https://www.youtube.com/watch?v=7jjcAuEYW9M
lcjdwSY2AzM,The Biggest Misconception in Physics,27,Education,https://www.youtube.com/watch?v=lcjdwSY2AzM
uT2aO0SD2C0,"Joshua Henry, Nichelle Lewis, More Sing the Songs of ""Ragtime"" at New York City Center",24,Entertainment,https://www.youtube.com/watch?v=uT2aO0SD2C0
xwxC4MAgXEk,For the Late-Night Thinkers and Early-Morning Wanderers | Downtempo Retreat: Vol. 35 | Ambient,10,Music,https://www.youtube.com/watch?v=xwxC4MAgXEk
w5SRH6Ac1LI,'A Lovely Night' Scene | La La Land,1,Film & Animation,https://www.youtube.com/watch?v=w5SRH6Ac1LI
t_N3UgTL8s0,ROLE MODEL - Look At That Woman (Official Music Video),10,Music,https://www.youtube.com/watch?v=t_N3UgTL8s0
eCgWqeyJFFQ,give me 6:43 and I‚Äôll make you instantly more attractive,22,People & Blogs,https://www.youtube.com/watch?v=eCgWqeyJFFQ
mQER0A0ej0M,Hey Jude (Remastered 2015),10,Music,https://www.youtube.com/watch?v=mQER0A0ej0M
_SEQyhir4iE,Do Musical Biopics Have a Fatal Flaw?,1,Film & Animation,https://www.youtube.com/watch?v=_SEQyhir4iE
gAYL5H46QnQ,Threw It On The Ground,23,Comedy,https://www.youtube.com/watch?v=gAYL5H46QnQ
7jjcAuEYW9M,The Duck Song 2,23,Comedy,https://www.youtube.com/watch?v=7jjcAuEYW9M
2vnbxNgHW1Y,"COACHELLA, I'M BACK!",24,Entertainment,https://www.youtube.com/watch?v=2vnbxNgHW1Y
gfXMnVqicbs,SMASH or PASS 100 OPTIONS!! | Hottest Celebrity Male Edition 2024 | QUIZ WAVEZ,24,Entertainment,https://www.youtube.com/watch?v=gfXMnVqicbs
75NLpCz_4yM,Quackloft - Quackloft: The Unfinished Album 01,22,People & Blogs,https://www.youtube.com/watch?v=75NLpCz_4yM
CsGYh8AacgY,Charlie the Unicorn,1,Film & Animation,https://www.youtube.com/watch?v=CsGYh8AacgY
UcxByX6rh24,50 People Show Us Their States' Accents | Culturally Speaking | Cond√© Nast Traveler,24,Entertainment,https://www.youtube.com/watch?v=UcxByX6rh24
brnafxH_0E8,Pomodoro Timer 3x30 (1.5hr) | ADHD | Let's get focused! | Lofi + train ambience ‚ô°,24,Entertainment,https://www.youtube.com/watch?v=brnafxH_0E8
g_egyx3GLys,Model Alex Consani‚Äôs Guide to Smoky Eyes & Bleached Brows | Beauty Secrets | Vogue,24,Entertainment,https://www.youtube.com/watch?v=g_egyx3GLys
8HhzRd9taEU,ULTIMATE Brain Rot Quiz 2,22,People & Blogs,https://www.youtube.com/watch?v=8HhzRd9taEU
Q096w0Fz2p4,Starburst Berries and Cream Little Lad Wants You!,23,Comedy,https://www.youtube.com/watch?v=Q096w0Fz2p4
7jjcAuEYW9M,The Duck Song 2,23,Comedy,https://www.youtube.com/watch?v=7jjcAuEYW9M
puQJNPaGcYc,Spongebob - I'm a Goofy Goober(With Speech!HD),24,Entertainment,https://www.youtube.com/watch?v=puQJNPaGcYc
Q096w0Fz2p4,Starburst Berries and Cream Little Lad Wants You!,23,Comedy,https://www.youtube.com/watch?v=Q096w0Fz2p4
IJNR2EpS0jw,Dumb Ways to Die,10,Music,https://www.youtube.com/watch?v=IJNR2EpS0jw
dZyxheCtYx8,Johnny Johnny yes papa - free fun education nursery rhyme for kids,27,Education,https://www.youtube.com/watch?v=dZyxheCtYx8
1oQfagXfBqE,Honey Bear - Duck Song Spin-Off,24,Entertainment,https://www.youtube.com/watch?v=1oQfagXfBqE
6iEyczP0qyQ,The Duck Song IRL,24,Entertainment,https://www.youtube.com/watch?v=6iEyczP0qyQ
9JgUB_FzXWY,Funny Songs Compilation (2020),22,People & Blogs,https://www.youtube.com/watch?v=9JgUB_FzXWY
2gJSFF_7hOM,"The Christmas Duck Song, by Bryant Oden: Official Lyric Video",10,Music,https://www.youtube.com/watch?v=2gJSFF_7hOM
vC6okzIKQvg,The Monarchs Song üé∂ | Horrible Histories,27,Education,https://www.youtube.com/watch?v=vC6okzIKQvg
7jjcAuEYW9M,The Duck Song 2,23,Comedy,https://www.youtube.com/watch?v=7jjcAuEYW9M
6NnrLchWdRw,The Men's Boat Race 2025 Oxford v Cambridge,17,Sports,https://www.youtube.com/watch?v=6NnrLchWdRw
-vrRfORrcYM,Aspel - George Harrison and Ringo Starr (1988),10,Music,https://www.youtube.com/watch?v=-vrRfORrcYM
jAeQv3FDU0w,Julie Felix with Trevor Lucas : Needle of Death (live 1966),10,Music,https://www.youtube.com/watch?v=jAeQv3FDU0w
ASS6EttbXe8,Drag Queens Trixie & Katya React to Love on the Spectrum Season 3 | I Like to Watch | Netflix,24,Entertainment,https://www.youtube.com/watch?v=ASS6EttbXe8
AlGtKuQNPqc,Doctor Reacts To The Pitt Ep. 4,27,Education,https://www.youtube.com/watch?v=AlGtKuQNPqc
uDZzhLY_BVo,The Amazing Recording History of Here Comes the Sun,10,Music,https://www.youtube.com/watch?v=uDZzhLY_BVo
Tx1XIm6q4r4,Potter Puppet Pals: The Mysterious Ticking Noise,23,Comedy,https://www.youtube.com/watch?v=Tx1XIm6q4r4
Hluf-1XUb2k,Savannah Bananas pack stadiums with their zany twist on baseball | 60 Minutes,25,News & Politics,https://www.youtube.com/watch?v=Hluf-1XUb2k
OuTeqsooMRc,Is NOW the Perfect Time to Buy Altcoins?,28,Science & Technology,https://www.youtube.com/watch?v=OuTeqsooMRc
THh4fT0O7IY,"Upbeat Lofi - Deep Focus & Energy for Work [R&B, Neo Soul, Lofi Hiphop]",10,Music,https://www.youtube.com/watch?v=THh4fT0O7IY
wjsmX-R4Taw,Guess the Movie by Emoji üé¨üçø Movie Quiz,27,Education,https://www.youtube.com/watch?v=wjsmX-R4Taw
BOBS4eEAAVs,CENTRAL CEE - TRUTH IN THE LIES (FEAT. LIL DURK) (MUSIC VIDEO),10,Music,https://www.youtube.com/watch?v=BOBS4eEAAVs
QcOA9jwARuo,Global M2 Record High ‚Äì Last Chance to Buy THESE Altcoins!,24,Entertainment,https://www.youtube.com/watch?v=QcOA9jwARuo
sBQcYklyEuM,Guess The Cartoon Theme Song (HARD),1,Film & Animation,https://www.youtube.com/watch?v=sBQcYklyEuM
_-Dkf7vdP5A,The Minecraft Movie but it's Ruined by AI,23,Comedy,https://www.youtube.com/watch?v=_-Dkf7vdP5A
RG2IK8oRZNA,"ADHD Relief Music: Studying Music for Better Concentration and Focus, Study Music",10,Music,https://www.youtube.com/watch?v=RG2IK8oRZNA
ZMsTMuyH7w8,"3-HOUR STUDY WITH ME | Hyper Efficient, Doctor, Focus Music, Deep Work, Pomodoro 50-10",27,Education,https://www.youtube.com/watch?v=ZMsTMuyH7w8
oC2o2-Nteyw,i Survived the World's STRICTEST Babysitter,22,People & Blogs,https://www.youtube.com/watch?v=oC2o2-Nteyw
7jjcAuEYW9M,The Duck Song 2,23,Comedy,https://www.youtube.com/watch?v=7jjcAuEYW9M
Pr4NwZW2LD4,ABUNDANCE.,27,Education,https://www.youtube.com/watch?v=Pr4NwZW2LD4
RQFmiCQbX7A,–í–û–î–û–õ–ï–ô - –¢–ê–†–û –ü–†–û–ì–ù–û–ó –ù–ê –ú–ê–ô 2025 –≥–æ–¥–∞ –æ—Ç ANGELA PEARL,22,People & Blogs,https://www.youtube.com/watch?v=RQFmiCQbX7A
FjNGGPr1BdU,Lofi Hip Hop Beats for Study Zen Garden - Cat Calm and Chill Music for Concentration and Focus,10,Music,https://www.youtube.com/watch?v=FjNGGPr1BdU
s56CObyml_c,–ü—Ä–æ—Ñ–µ—Å—Å–∏—è: –∂–µ–Ω–∞. –ü–æ—á–µ–º—É –∑—É–º–µ—Ä—ã —Ö–æ—Ç—è—Ç –ø–∞—Ç—Ä–∏–∞—Ä—Ö–∞—Ç–∞? Tradwife-—Ç—Ä–µ–Ω–¥,26,Howto & Style,https://www.youtube.com/watch?v=s56CObyml_c
wjuvaaxccAQ,"–ê–Ω–¥—Ä–µ–π –ê–π—Ä–∞–ø–µ—Ç–æ–≤ ‚Äî ""–ü–û–ó–û–†–ò–©–ï"" | –°–æ–ª—å–Ω—ã–π stand-up –∫–æ–Ω—Ü–µ—Ä—Ç 2024 |18+",23,Comedy,https://www.youtube.com/watch?v=wjuvaaxccAQ
y-37DV6GIck,How I manifested The impossible - it‚Äôs ok to doubt,26,Howto & Style,https://www.youtube.com/watch?v=y-37DV6GIck
zWwrzfsUJVg,don't overthink it ~ just do it,10,Music,https://www.youtube.com/watch?v=zWwrzfsUJVg
Bws2iIBjWSk,trump most insane quotes out of context,10,Music,https://www.youtube.com/watch?v=Bws2iIBjWSk
YAxDOFQjTMg,"10 –≤—ã–≤–æ–¥–æ–≤, –∫–æ—Ç–æ—Ä—ã–µ —Å—ç–∫–æ–Ω–æ–º—è—Ç 10 –ª–µ—Ç –∂–∏–∑–Ω–∏ (–∂–∞–ª—å, —è –Ω–µ –∑–Ω–∞–ª–∞ —ç—Ç–æ–≥–æ —Ä–∞–Ω—å—à–µ)",22,People & Blogs,https://www.youtube.com/watch?v=YAxDOFQjTMg
7jjcAuEYW9M,The Duck Song 2,23,Comedy,https://www.youtube.com/watch?v=7jjcAuEYW9M
CsGYh8AacgY,Charlie the Unicorn,1,Film & Animation,https://www.youtube.com/watch?v=CsGYh8AacgY
RjaCb10dKCw,Starr Park: Limited Edition Starr Hat - Dereck,22,People & Blogs,https://www.youtube.com/watch?v=RjaCb10dKCw
Bk0vez_LLYg,Tradwife War Ripping Conservatives Apart,25,News & Politics,https://www.youtube.com/watch?v=Bk0vez_LLYg
FlqKeW1iWyU,i'm back... again...,20,Gaming,https://www.youtube.com/watch?v=FlqKeW1iWyU
5_tcUVcK0cw,Reacting to the duck song 5,22,People & Blogs,https://www.youtube.com/watch?v=5_tcUVcK0cw
Y8n1F_vsFzc,SMASH or PASS 110 OPTIONS!! | Male TV Characters Edition 2025 | QUIZ WAVEZ,24,Entertainment,https://www.youtube.com/watch?v=Y8n1F_vsFzc
uD5J0kVWLu0,Sinister Squidward,20,Gaming,https://www.youtube.com/watch?v=uD5J0kVWLu0
sBQcYklyEuM,Guess The Cartoon Theme Song (HARD),1,Film & Animation,https://www.youtube.com/watch?v=sBQcYklyEuM
NyB85pVw-v4,Content Cop - H3,23,Comedy,https://www.youtube.com/watch?v=NyB85pVw-v4
39ColarOWKo,Funniest Animal Videos Ever (Part 1),24,Entertainment,https://www.youtube.com/watch?v=39ColarOWKo
Tn7g2cn7iBo,New Barista Training - SNL,23,Comedy,https://www.youtube.com/watch?v=Tn7g2cn7iBo
VuNIsY6JdUw,Taylor Swift - You Belong With Me,10,Music,https://www.youtube.com/watch?v=VuNIsY6JdUw
39ColarOWKo,Funniest Animal Videos Ever (Part 1),24,Entertainment,https://www.youtube.com/watch?v=39ColarOWKo
FnXLjHtfAIU,Trump Easter 2025 Cold Open - SNL,23,Comedy,https://www.youtube.com/watch?v=FnXLjHtfAIU
Q9ZZIb5rvgk,Halley Kate Core ft Bran | Delusional Diaries Podcast,24,Entertainment,https://www.youtube.com/watch?v=Q9ZZIb5rvgk
-IV8cnGU6YM,The Duck Song 4,1,Film & Animation,https://www.youtube.com/watch?v=-IV8cnGU6YM
Ru4a-js4My4,The Duck Song 3,23,Comedy,https://www.youtube.com/watch?v=Ru4a-js4My4
nJr_8l0AEWE,Taylor Swift - All Too Well (10 Minute Version) (Live on Saturday Night Live),10,Music,https://www.youtube.com/watch?v=nJr_8l0AEWE
7jjcAuEYW9M,The Duck Song 2,23,Comedy,https://www.youtube.com/watch?v=7jjcAuEYW9M
gO4SMgj6bqY,The Backyardigans: Castaways - Ep.11,1,Film & Animation,https://www.youtube.com/watch?v=gO4SMgj6bqY
UrX4mqXmapE,Night Lights A,10,Music,https://www.youtube.com/watch?v=UrX4mqXmapE
sBQcYklyEuM,Guess The Cartoon Theme Song (HARD),1,Film & Animation,https://www.youtube.com/watch?v=sBQcYklyEuM
IfhMILe8C84,Prank interview with Elijah Wood,23,Comedy,https://www.youtube.com/watch?v=IfhMILe8C84
8HhzRd9taEU,ULTIMATE Brain Rot Quiz 2,22,People & Blogs,https://www.youtube.com/watch?v=8HhzRd9taEU
1z2xtmkqaAs,Lagrime Mie - Barbara Strozzi,10,Music,https://www.youtube.com/watch?v=1z2xtmkqaAs
zWwrzfsUJVg,don't overthink it ~ just do it,10,Music,https://www.youtube.com/watch?v=zWwrzfsUJVg
Tx1XIm6q4r4,Potter Puppet Pals: The Mysterious Ticking Noise,23,Comedy,https://www.youtube.com/watch?v=Tx1XIm6q4r4
s_3qEGBo-FA,XFactor Try Not to Laugh/Cringe #1,22,People & Blogs,https://www.youtube.com/watch?v=s_3qEGBo-FA
7jjcAuEYW9M,The Duck Song 2,23,Comedy,https://www.youtube.com/watch?v=7jjcAuEYW9M
39ColarOWKo,Funniest Animal Videos Ever (Part 1),24,Entertainment,https://www.youtube.com/watch?v=39ColarOWKo
OQaLic5SE_I,Mr. Garvey Is Your Substitute Teacher - Key & Peele,23,Comedy,https://www.youtube.com/watch?v=OQaLic5SE_I
75NQK-Sm1YY,The Very Hungry Caterpillar - Animated Film,1,Film & Animation,https://www.youtube.com/watch?v=75NQK-Sm1YY
lE9dYGzs3RQ,Ages 1-25 Compete In EXTREME GYMNASTICS,24,Entertainment,https://www.youtube.com/watch?v=lE9dYGzs3RQ
THh4fT0O7IY,"Upbeat Lofi - Deep Focus & Energy for Work [R&B, Neo Soul, Lofi Hiphop]",10,Music,https://www.youtube.com/watch?v=THh4fT0O7IY
P4gNS0Iiu0Q,Mark Rober vs Dude Perfect- Ultimate Robot Battle,28,Science & Technology,https://www.youtube.com/watch?v=P4gNS0Iiu0Q
03srS0cPpJ0,"Best Pancake Art Wins $1,000!",24,Entertainment,https://www.youtube.com/watch?v=03srS0cPpJ0
paHE4L-x490,Poopers The Magic Penguin,24,Entertainment,https://www.youtube.com/watch?v=paHE4L-x490
wjsmX-R4Taw,Guess the Movie by Emoji üé¨üçø Movie Quiz,27,Education,https://www.youtube.com/watch?v=wjsmX-R4Taw
7jjcAuEYW9M,The Duck Song 2,23,Comedy,https://www.youtube.com/watch?v=7jjcAuEYW9M
erx6Dw1bzOs,18 Year Old Drops WORLD'S FASTEST Time In The 100 Meters,17,Sports,https://www.youtube.com/watch?v=erx6Dw1bzOs
8HhzRd9taEU,ULTIMATE Brain Rot Quiz 2,22,People & Blogs,https://www.youtube.com/watch?v=8HhzRd9taEU
-u4sPnpaFEA,Âë®Êù∞ÂÄ´ Jay Chou„ÄêÂ§ßÁ¨®Èêò Big Ben„ÄëOfficial MV,10,Music,https://www.youtube.com/watch?v=-u4sPnpaFEA
SJYj57TUKjc,Most musicians learn harmony wrong,27,Education,https://www.youtube.com/watch?v=SJYj57TUKjc
OQaLic5SE_I,Mr. Garvey Is Your Substitute Teacher - Key & Peele,23,Comedy,https://www.youtube.com/watch?v=OQaLic5SE_I
eMLiBHOGEa8,The Insane Top Varus Builds of KR Challenger,20,Gaming,https://www.youtube.com/watch?v=eMLiBHOGEa8
gGzTHtBdHV8,Shelly-Ann Fraser-Pryce THROWS DOWN In Dominant 100 Meter Dash! || 2025 Velocity 17 - Jamaica,17,Sports,https://www.youtube.com/watch?v=gGzTHtBdHV8
wwYKGwWzmG0,"ÎèÑÏûÖÎ∂ÄÏóêÏÑúÎ∂ÄÌÑ∞ ÏÑ§Î†àÎ©¥ Î∞òÏπôÏù∏Îç∞,,ü•∞",10,Music,https://www.youtube.com/watch?v=wwYKGwWzmG0
_cr46G2K5Fo,The Man Who Almost Broke Math (And Himself...),27,Education,https://www.youtube.com/watch?v=_cr46G2K5Fo
7jjcAuEYW9M,The Duck Song 2,23,Comedy,https://www.youtube.com/watch?v=7jjcAuEYW9M
0jz0GAFNNIo,Drake - When To Say When & Chicago Freestyle,10,Music,https://www.youtube.com/watch?v=0jz0GAFNNIo
yea4e3b0Dak,How's Your Mood? Uplifting Lofi Music for a Better Day - Music To Make Your Day Better,10,Music,https://www.youtube.com/watch?v=yea4e3b0Dak
lkgGFwbFK2c,Why Japan is Selling So Much U.S. Debt,27,Education,https://www.youtube.com/watch?v=lkgGFwbFK2c
RCsW1snWed8,Peter Thiel on Trump‚Äôs Trade and Tariff Policy,28,Science & Technology,https://www.youtube.com/watch?v=RCsW1snWed8
c5jDju_6FAQ,KKR's 'White Knight' Strategy in Buying Assets,25,News & Politics,https://www.youtube.com/watch?v=c5jDju_6FAQ
o8LTi_zkGuY,Zach Bryan - Hey Driver (feat. The War and Treaty),10,Music,https://www.youtube.com/watch?v=o8LTi_zkGuY
DVwhc3S9ZMo,Country Comfort,10,Music,https://www.youtube.com/watch?v=DVwhc3S9ZMo
iOPopIfxWOg,Destroy Lonely - how u feel? (Instrumental) OFFICIAL,10,Music,https://www.youtube.com/watch?v=iOPopIfxWOg
0lEtQqvdS2g,Why Australia‚Äôs Miracle Economy Is Failing,25,News & Politics,https://www.youtube.com/watch?v=0lEtQqvdS2g
PbqB1U9dfKM,The evidence that convinced Red Bull Verstappen was robbed of Saudi Arabian GP victory,17,Sports,https://www.youtube.com/watch?v=PbqB1U9dfKM
hrlkwneD4dA,"Jordan Peterson on wokeism in public life, cultural Christianity and the trans debate",25,News & Politics,https://www.youtube.com/watch?v=hrlkwneD4dA
bOXP7qG6s5I,Credits Closing Theme - Half-Life,10,Music,https://www.youtube.com/watch?v=bOXP7qG6s5I
OQaLic5SE_I,Mr. Garvey Is Your Substitute Teacher - Key & Peele,23,Comedy,https://www.youtube.com/watch?v=OQaLic5SE_I
8HhzRd9taEU,ULTIMATE Brain Rot Quiz 2,22,People & Blogs,https://www.youtube.com/watch?v=8HhzRd9taEU
3dkrz4r4cZU,Worst American Idol Auditions,24,Entertainment,https://www.youtube.com/watch?v=3dkrz4r4cZU
wqf-dJyU_WA,Basics of F1 Race Strategy,27,Education,https://www.youtube.com/watch?v=wqf-dJyU_WA
IRCZ1Mt2a8M,Jordan Peterson: STOP LYING TO YOURSELF! How To Turn Your Life Around In 2024!,22,People & Blogs,https://www.youtube.com/watch?v=IRCZ1Mt2a8M
DJ8zn6ruYks,Can I Break a Random COURSE RECORD in One Try?,17,Sports,https://www.youtube.com/watch?v=DJ8zn6ruYks
K00wWB-Gcnw,"F1 Post Post-Race Press Conference Saudi Arabian Grand Prix 2025 | Piastri, Verstappen, Leclerc",17,Sports,https://www.youtube.com/watch?v=K00wWB-Gcnw
7jjcAuEYW9M,The Duck Song 2,23,Comedy,https://www.youtube.com/watch?v=7jjcAuEYW9M
39ColarOWKo,Funniest Animal Videos Ever (Part 1),24,Entertainment,https://www.youtube.com/watch?v=39ColarOWKo
aKrSBz3ez5A,Guess the Fast Food Restaurant by Emoji? üçî Monkey Quiz,27,Education,https://www.youtube.com/watch?v=aKrSBz3ez5A
OQaLic5SE_I,Mr. Garvey Is Your Substitute Teacher - Key & Peele,23,Comedy,https://www.youtube.com/watch?v=OQaLic5SE_I
03srS0cPpJ0,"Best Pancake Art Wins $1,000!",24,Entertainment,https://www.youtube.com/watch?v=03srS0cPpJ0
CsGYh8AacgY,Charlie the Unicorn,1,Film & Animation,https://www.youtube.com/watch?v=CsGYh8AacgY
I-sH53vXP2A,"""Fallen Kingdom"" - A Minecraft Parody of Coldplay's Viva la Vida (Music Video)",24,Entertainment,https://www.youtube.com/watch?v=I-sH53vXP2A
lE9dYGzs3RQ,Ages 1-25 Compete In EXTREME GYMNASTICS,24,Entertainment,https://www.youtube.com/watch?v=lE9dYGzs3RQ
s_3qEGBo-FA,XFactor Try Not to Laugh/Cringe #1,22,People & Blogs,https://www.youtube.com/watch?v=s_3qEGBo-FA
oC2o2-Nteyw,i Survived the World's STRICTEST Babysitter,22,People & Blogs,https://www.youtube.com/watch?v=oC2o2-Nteyw
7jjcAuEYW9M,The Duck Song 2,23,Comedy,https://www.youtube.com/watch?v=7jjcAuEYW9M
k85mRPqvMbE,Crazy Frog - Axel F (Official Video),10,Music,https://www.youtube.com/watch?v=k85mRPqvMbE
03srS0cPpJ0,"Best Pancake Art Wins $1,000!",24,Entertainment,https://www.youtube.com/watch?v=03srS0cPpJ0
OQaLic5SE_I,Mr. Garvey Is Your Substitute Teacher - Key & Peele,23,Comedy,https://www.youtube.com/watch?v=OQaLic5SE_I
39ColarOWKo,Funniest Animal Videos Ever (Part 1),24,Entertainment,https://www.youtube.com/watch?v=39ColarOWKo
6Y3YPDXlPAo,Avoid Saying The Same Thing As Me ü§î MEGA CHALLENGE üì¢,24,Entertainment,https://www.youtube.com/watch?v=6Y3YPDXlPAo
I-ZJS4ENAOo,Steve‚Äôs Lava Chicken Song but it gets faster! üòÇüêîüî•,24,Entertainment,https://www.youtube.com/watch?v=I-ZJS4ENAOo
lE9dYGzs3RQ,Ages 1-25 Compete In EXTREME GYMNASTICS,24,Entertainment,https://www.youtube.com/watch?v=lE9dYGzs3RQ
DnPATG8fE3o,"Guess Minecraft Movie Characters by Their Voice | Minecraft Movie Quiz ~ Steve, Garbage Man",27,Education,https://www.youtube.com/watch?v=DnPATG8fE3o
gjRGIpP-Qfw,Demonstrating P and S Seismic Waves,28,Science & Technology,https://www.youtube.com/watch?v=gjRGIpP-Qfw
7jjcAuEYW9M,The Duck Song 2,23,Comedy,https://www.youtube.com/watch?v=7jjcAuEYW9M
THh4fT0O7IY,"Upbeat Lofi - Deep Focus & Energy for Work [R&B, Neo Soul, Lofi Hiphop]",10,Music,https://www.youtube.com/watch?v=THh4fT0O7IY
xhrE4M8J3FU,"Ed Sheeran, Bruno Mars, Dua Lipa, Adele, Maroon 5, Rihanna, The Weeknd - Billboard Top 50 This Week",10,Music,https://www.youtube.com/watch?v=xhrE4M8J3FU
0wB7iuER2Z0,Lofi Chill Sunset üåÖ Relaxing Beats with Capybara & Turtle ‚òï,10,Music,https://www.youtube.com/watch?v=0wB7iuER2Z0
0AT_ufZCQng,"üê£ Spring Lofi Vibes in Cozy Sunny Forest | Chill Beats for Study, Work & Relax w/ Cute Chick & Eggs",10,Music,https://www.youtube.com/watch?v=0AT_ufZCQng
39ColarOWKo,Funniest Animal Videos Ever (Part 1),24,Entertainment,https://www.youtube.com/watch?v=39ColarOWKo
aKrSBz3ez5A,Guess the Fast Food Restaurant by Emoji? üçî Monkey Quiz,27,Education,https://www.youtube.com/watch?v=aKrSBz3ez5A
ARCb-UcNm1s,Tropical Bossa Jazz ~ Beautiful Brazilian Jazz Music For a Positive Vibe ~ January Jazz Music,10,Music,https://www.youtube.com/watch?v=ARCb-UcNm1s
Er4oqBGuhkw,"Gentle music, calms the nervous system and pleases soul- Healing music for heart & blood vessels #39",10,Music,https://www.youtube.com/watch?v=Er4oqBGuhkw
CFGLoQIhmow,lofi hip hop mix üìö beats to relax/study to (Part 1),10,Music,https://www.youtube.com/watch?v=CFGLoQIhmow
7jjcAuEYW9M,The Duck Song 2,23,Comedy,https://www.youtube.com/watch?v=7jjcAuEYW9M
aKrSBz3ez5A,Guess the Fast Food Restaurant by Emoji? üçî Monkey Quiz,27,Education,https://www.youtube.com/watch?v=aKrSBz3ez5A
-IV8cnGU6YM,The Duck Song 4,1,Film & Animation,https://www.youtube.com/watch?v=-IV8cnGU6YM
39ColarOWKo,Funniest Animal Videos Ever (Part 1),24,Entertainment,https://www.youtube.com/watch?v=39ColarOWKo
psxLWYt29mk,Don't Choke My Chicken!,10,Music,https://www.youtube.com/watch?v=psxLWYt29mk
-EpYZx2ak_8,I Always Wanted A Brother Song Scene | MUFASA: THE LION KING (2024) Movie CLIP HD,1,Film & Animation,https://www.youtube.com/watch?v=-EpYZx2ak_8
8HhzRd9taEU,ULTIMATE Brain Rot Quiz 2,22,People & Blogs,https://www.youtube.com/watch?v=8HhzRd9taEU
I1gMUbEAUFw,The Cha Cha Slide Dance,24,Entertainment,https://www.youtube.com/watch?v=I1gMUbEAUFw
xzz6dwKtbqI,"Heeler Family Time üíô üß° | Full Episodes | Baby Race, Asparagus, and More! | Bluey üíô",1,Film & Animation,https://www.youtube.com/watch?v=xzz6dwKtbqI
I-ZJS4ENAOo,Steve‚Äôs Lava Chicken Song but it gets faster! üòÇüêîüî•,24,Entertainment,https://www.youtube.com/watch?v=I-ZJS4ENAOo
7jjcAuEYW9M,The Duck Song 2,23,Comedy,https://www.youtube.com/watch?v=7jjcAuEYW9M
3fg9g78qtDA,Who Makes The Best Breakfast Bowl?,24,Entertainment,https://www.youtube.com/watch?v=3fg9g78qtDA
c83F2ddppx0,Something Has Changed Between Trump & Putin,25,News & Politics,https://www.youtube.com/watch?v=c83F2ddppx0
my9y4MRcIf0,Twinkle Twinkle Rainbow Light | Colorful Starry Song for Kids | Fun Nursery Rhyme,24,Entertainment,https://www.youtube.com/watch?v=my9y4MRcIf0
aIe89INliZs,Don't look behind the mirror!! The unknown Candyman case and famous horror story | Mystery & Makeup,24,Entertainment,https://www.youtube.com/watch?v=aIe89INliZs
m8kPN8e1RFk,you're living in a 90's romcom,20,Gaming,https://www.youtube.com/watch?v=m8kPN8e1RFk
NAookhHvXVU,"Reacting To AWKWARD ""For Sale"" Posts",24,Entertainment,https://www.youtube.com/watch?v=NAookhHvXVU
NyB85pVw-v4,Content Cop - H3,23,Comedy,https://www.youtube.com/watch?v=NyB85pVw-v4
Qfqeha_z8B0,"Getting Ready with Even MORE New Makeup! Wet N Wild, Trixie Cosmetics, and More!",24,Entertainment,https://www.youtube.com/watch?v=Qfqeha_z8B0
_AE2PWPG3ig,Trump's Plan To End Birthright Citizenship Is Ramping Up,25,News & Politics,https://www.youtube.com/watch?v=_AE2PWPG3ig
7jjcAuEYW9M,The Duck Song 2,23,Comedy,https://www.youtube.com/watch?v=7jjcAuEYW9M
GLpkXBG2oc4,Can You Guess Car Parts in 10 Seconds üöò‚öôÔ∏è | Ultimate Challenge,27,Education,https://www.youtube.com/watch?v=GLpkXBG2oc4
4bU3awqJ-GY,Chris Stapleton - Whiskey and you acoustic,10,Music,https://www.youtube.com/watch?v=4bU3awqJ-GY
n-uWtKO6JDo,David Laid 3 Year Natural Transformation 14-17,22,People & Blogs,https://www.youtube.com/watch?v=n-uWtKO6JDo
CsGYh8AacgY,Charlie the Unicorn,1,Film & Animation,https://www.youtube.com/watch?v=CsGYh8AacgY
aSeN7vX5yh0,jigsaw falling into place,22,People & Blogs,https://www.youtube.com/watch?v=aSeN7vX5yh0
Tx1XIm6q4r4,Potter Puppet Pals: The Mysterious Ticking Noise,23,Comedy,https://www.youtube.com/watch?v=Tx1XIm6q4r4
izkqPdVAdL4,John Mayer - Something Like Olivia (Acoustic Performance),10,Music,https://www.youtube.com/watch?v=izkqPdVAdL4
rcPxXXMOPIY,Why this is Red Hot Chili Peppers' HARDEST RIFF,27,Education,https://www.youtube.com/watch?v=rcPxXXMOPIY
8G9pnE0bnfE,BASQUIAT's work ethic,27,Education,https://www.youtube.com/watch?v=8G9pnE0bnfE
